Turquoise Object, 0.49542146921157837, Gazebo/Turquoise
Blue Object, 0.6677475571632385, 0.0, 0.0, 1.0, 1.0
Indigo Object, 0.7811741828918457, Gazebo/Indigo
Yellow Object, 0.16578345000743866, Gazebo/Yellow
Pink Object, 0.8956554532051086, 0.96, 0.157, 0.569, 0.8
Red Object, 0.002251201309263706, 1.0, 0.0, 0.0, 1.0
